[
{
  "model": "serveurcei.electeur",
  "pk": 1,
  "fields": {
    "nom": "sery",
    "prenom": "goze",
    "numero_cni": "12345678",
    "date_naissance": "2026-02-27",
    "telephon": "098765",
    "sexe": null,
    "region": null,
    "numero_electeur": "CEI-9EE3E651",
    "empreinte_hash": null,
    "date_inscription": "2026-02-27T18:25:36.027Z",
    "is_alive": true
  }
},
{
  "model": "serveurcei.electeur",
  "pk": 2,
  "fields": {
    "nom": "TRAORE",
    "prenom": "Moussa",
    "numero_cni": "CNI999",
    "date_naissance": "1990-01-01",
    "telephon": "07070707",
    "sexe": null,
    "region": null,
    "numero_electeur": "CEI-5FCC3BF6",
    "empreinte_hash": null,
    "date_inscription": "2026-02-27T21:00:05.565Z",
    "is_alive": true
  }
},
{
  "model": "serveurcei.electeur",
  "pk": 3,
  "fields": {
    "nom": "SDFGHJ",
    "prenom": "DFGHJ",
    "numero_cni": "09876543",
    "date_naissance": "2026-02-28",
    "telephon": "123456789",
    "sexe": "M",
    "region": "Abidjan",
    "numero_electeur": "CEI-E782CB50",
    "empreinte_hash": null,
    "date_inscription": "2026-02-28T14:58:44.949Z",
    "is_alive": true
  }
},
{
  "model": "serveurcei.electeur",
  "pk": 4,
  "fields": {
    "nom": "FGHDKJSL",
    "prenom": "SLDKJ",
    "numero_cni": "098743",
    "date_naissance": "2026-02-28",
    "telephon": "09867543",
    "sexe": "M",
    "region": "San Pedro",
    "numero_electeur": "CEI-EB466C9E",
    "empreinte_hash": null,
    "date_inscription": "2026-02-28T20:28:52.419Z",
    "is_alive": true
  }
},
{
  "model": "serveurcei.electeur",
  "pk": 5,
  "fields": {
    "nom": "der",
    "prenom": "azer",
    "numero_cni": "776543293",
    "date_naissance": "2026-03-01",
    "telephon": "456387284",
    "sexe": "M",
    "region": "Abidjan",
    "numero_electeur": "CEI-19B18582",
    "empreinte_hash": null,
    "date_inscription": "2026-03-01T16:11:50.937Z",
    "is_alive": true
  }
},
{
  "model": "serveurcei.electeur",
  "pk": 6,
  "fields": {
    "nom": "dah",
    "prenom": "eric",
    "numero_cni": "CI0344834",
    "date_naissance": "2026-03-01",
    "telephon": "94837438",
    "sexe": "M",
    "region": "Abidjan",
    "numero_electeur": "CEI-5F73F22C",
    "empreinte_hash": null,
    "date_inscription": "2026-03-01T16:18:02.017Z",
    "is_alive": true
  }
},
{
  "model": "serveurcei.electeur",
  "pk": 7,
  "fields": {
    "nom": "DAH",
    "prenom": "ERIC",
    "numero_cni": "CI09342",
    "date_naissance": "2026-03-01",
    "telephon": "5438932432",
    "sexe": "M",
    "region": "Abidjan",
    "numero_electeur": "CEI-45000966",
    "empreinte_hash": null,
    "date_inscription": "2026-03-01T16:23:44.475Z",
    "is_alive": true
  }
},
{
  "model": "serveurcei.electeur",
  "pk": 8,
  "fields": {
    "nom": "cfjgvhbjknl",
    "prenom": "fguhkj",
    "numero_cni": "2345678",
    "date_naissance": "2026-03-01",
    "telephon": "0987654",
    "sexe": "M",
    "region": "Abidjan",
    "numero_electeur": "CEI-D804AF2A",
    "empreinte_hash": null,
    "date_inscription": "2026-03-01T21:21:36.462Z",
    "is_alive": true
  }
},
{
  "model": "serveurcei.electeur",
  "pk": 9,
  "fields": {
    "nom": "dssgj",
    "prenom": "xhjbhjb",
    "numero_cni": "9876543",
    "date_naissance": "2026-03-01",
    "telephon": "345678",
    "sexe": "M",
    "region": "Abidjan",
    "numero_electeur": "CEI-8364C143",
    "empreinte_hash": null,
    "date_inscription": "2026-03-01T21:23:15.081Z",
    "is_alive": true
  }
},
{
  "model": "serveurcei.electeur",
  "pk": 10,
  "fields": {
    "nom": "KON╔",
    "prenom": "Amadou",
    "numero_cni": "CI0001234567",
    "date_naissance": "1985-03-15",
    "telephon": "0701234567",
    "sexe": "M",
    "region": "Abidjan",
    "numero_electeur": "E000001",
    "empreinte_hash": null,
    "date_inscription": "2026-03-03T17:58:53.458Z",
    "is_alive": true
  }
},
{
  "model": "serveurcei.electeur",
  "pk": 11,
  "fields": {
    "nom": "DIALLO",
    "prenom": "Fatoumata",
    "numero_cni": "CI0002345678",
    "date_naissance": "1990-07-22",
    "telephon": "0702345678",
    "sexe": "F",
    "region": "BouakÚ",
    "numero_electeur": "E000002",
    "empreinte_hash": null,
    "date_inscription": "2026-03-03T17:58:53.458Z",
    "is_alive": true
  }
},
{
  "model": "serveurcei.electeur",
  "pk": 12,
  "fields": {
    "nom": "TRAOR╔",
    "prenom": "Souleymane",
    "numero_cni": "CI0003456789",
    "date_naissance": "1978-11-05",
    "telephon": "0703456789",
    "sexe": "M",
    "region": "Daloa",
    "numero_electeur": "E000003",
    "empreinte_hash": null,
    "date_inscription": "2026-03-03T17:58:53.458Z",
    "is_alive": true
  }
},
{
  "model": "serveurcei.electeur",
  "pk": 13,
  "fields": {
    "nom": "COULIBALY",
    "prenom": "Mariam",
    "numero_cni": "CI0004567890",
    "date_naissance": "1995-01-30",
    "telephon": "0704567890",
    "sexe": "F",
    "region": "Yamoussoukro",
    "numero_electeur": "E000004",
    "empreinte_hash": null,
    "date_inscription": "2026-03-03T17:58:53.458Z",
    "is_alive": true
  }
},
{
  "model": "serveurcei.electeur",
  "pk": 14,
  "fields": {
    "nom": "OUATTARA",
    "prenom": "Issouf",
    "numero_cni": "CI0005678901",
    "date_naissance": "1982-06-18",
    "telephon": "0705678901",
    "sexe": "M",
    "region": "Korhogo",
    "numero_electeur": "E000005",
    "empreinte_hash": null,
    "date_inscription": "2026-03-03T17:58:53.458Z",
    "is_alive": true
  }
},
{
  "model": "serveurcei.electeur",
  "pk": 15,
  "fields": {
    "nom": "BAMBA",
    "prenom": "A´ssatou",
    "numero_cni": "CI0006789012",
    "date_naissance": "1993-09-12",
    "telephon": "0706789012",
    "sexe": "F",
    "region": "San-PÚdro",
    "numero_electeur": "E000006",
    "empreinte_hash": null,
    "date_inscription": "2026-03-03T17:58:53.458Z",
    "is_alive": true
  }
},
{
  "model": "serveurcei.electeur",
  "pk": 16,
  "fields": {
    "nom": "TOUR╔",
    "prenom": "Mamadou",
    "numero_cni": "CI0007890123",
    "date_naissance": "1975-04-25",
    "telephon": "0707890123",
    "sexe": "M",
    "region": "Man",
    "numero_electeur": "E000007",
    "empreinte_hash": null,
    "date_inscription": "2026-03-03T17:58:53.458Z",
    "is_alive": true
  }
},
{
  "model": "serveurcei.electeur",
  "pk": 17,
  "fields": {
    "nom": "S╔KA",
    "prenom": "Adjoua",
    "numero_cni": "CI0008901234",
    "date_naissance": "1988-12-08",
    "telephon": "0708901234",
    "sexe": "F",
    "region": "Abidjan",
    "numero_electeur": "E000008",
    "empreinte_hash": null,
    "date_inscription": "2026-03-03T17:58:53.458Z",
    "is_alive": true
  }
},
{
  "model": "serveurcei.electeur",
  "pk": 18,
  "fields": {
    "nom": "YAPI",
    "prenom": "Kouassi",
    "numero_cni": "CI0009012345",
    "date_naissance": "1980-02-14",
    "telephon": "0709012345",
    "sexe": "M",
    "region": "Abengourou",
    "numero_electeur": "E000009",
    "empreinte_hash": null,
    "date_inscription": "2026-03-03T17:58:53.458Z",
    "is_alive": true
  }
},
{
  "model": "serveurcei.electeur",
  "pk": 19,
  "fields": {
    "nom": "GNAGBO",
    "prenom": "Akissi",
    "numero_cni": "CI0010123456",
    "date_naissance": "1997-08-20",
    "telephon": "0710123456",
    "sexe": "F",
    "region": "Gagnoa",
    "numero_electeur": "E000010",
    "empreinte_hash": null,
    "date_inscription": "2026-03-03T17:58:53.458Z",
    "is_alive": true
  }
},
{
  "model": "serveurcei.electeur",
  "pk": 20,
  "fields": {
    "nom": "DIARRASSOUBA",
    "prenom": "Ibrahim",
    "numero_cni": "CI0011234567",
    "date_naissance": "1983-05-11",
    "telephon": "0711234567",
    "sexe": "M",
    "region": "OdiennÚ",
    "numero_electeur": "E000011",
    "empreinte_hash": null,
    "date_inscription": "2026-03-03T17:58:53.458Z",
    "is_alive": true
  }
},
{
  "model": "serveurcei.electeur",
  "pk": 21,
  "fields": {
    "nom": "ASSI",
    "prenom": "Amenan",
    "numero_cni": "CI0012345678",
    "date_naissance": "1991-10-03",
    "telephon": "0712345678",
    "sexe": "F",
    "region": "Dimbokro",
    "numero_electeur": "E000012",
    "empreinte_hash": null,
    "date_inscription": "2026-03-03T17:58:53.458Z",
    "is_alive": true
  }
},
{
  "model": "serveurcei.electeur",
  "pk": 22,
  "fields": {
    "nom": "FOFANA",
    "prenom": "Lassina",
    "numero_cni": "CI0013456789",
    "date_naissance": "1977-07-29",
    "telephon": "0713456789",
    "sexe": "M",
    "region": "BouakÚ",
    "numero_electeur": "E000013",
    "empreinte_hash": null,
    "date_inscription": "2026-03-03T17:58:53.458Z",
    "is_alive": true
  }
},
{
  "model": "serveurcei.electeur",
  "pk": 23,
  "fields": {
    "nom": "KOUASSI",
    "prenom": "AffouÚ",
    "numero_cni": "CI0014567890",
    "date_naissance": "1994-03-17",
    "telephon": "0714567890",
    "sexe": "F",
    "region": "Abidjan",
    "numero_electeur": "E000014",
    "empreinte_hash": null,
    "date_inscription": "2026-03-03T17:58:53.458Z",
    "is_alive": true
  }
},
{
  "model": "serveurcei.electeur",
  "pk": 24,
  "fields": {
    "nom": "BROU",
    "prenom": "Konan",
    "numero_cni": "CI0015678901",
    "date_naissance": "1986-11-22",
    "telephon": "0715678901",
    "sexe": "M",
    "region": "Divo",
    "numero_electeur": "E000015",
    "empreinte_hash": null,
    "date_inscription": "2026-03-03T17:58:53.458Z",
    "is_alive": true
  }
},
{
  "model": "serveurcei.electeur",
  "pk": 25,
  "fields": {
    "nom": "LAGO",
    "prenom": "Edwige",
    "numero_cni": "CI0016789012",
    "date_naissance": "1992-06-04",
    "telephon": "0716789012",
    "sexe": "F",
    "region": "Abidjan",
    "numero_electeur": "E000016",
    "empreinte_hash": null,
    "date_inscription": "2026-03-03T17:58:53.458Z",
    "is_alive": true
  }
},
{
  "model": "serveurcei.electeur",
  "pk": 26,
  "fields": {
    "nom": "SILU╔",
    "prenom": "NaviguÚ",
    "numero_cni": "CI0017890123",
    "date_naissance": "1979-01-16",
    "telephon": "0717890123",
    "sexe": "M",
    "region": "Korhogo",
    "numero_electeur": "E000017",
    "empreinte_hash": null,
    "date_inscription": "2026-03-03T17:58:53.458Z",
    "is_alive": true
  }
},
{
  "model": "serveurcei.electeur",
  "pk": 27,
  "fields": {
    "nom": "AHOU",
    "prenom": "Yolande",
    "numero_cni": "CI0018901234",
    "date_naissance": "1996-04-09",
    "telephon": "0718901234",
    "sexe": "F",
    "region": "Yamoussoukro",
    "numero_electeur": "E000018",
    "empreinte_hash": null,
    "date_inscription": "2026-03-03T17:58:53.458Z",
    "is_alive": true
  }
},
{
  "model": "serveurcei.electeur",
  "pk": 28,
  "fields": {
    "nom": "M╔IT╔",
    "prenom": "Drissa",
    "numero_cni": "CI0019012345",
    "date_naissance": "1981-09-27",
    "telephon": "0719012345",
    "sexe": "M",
    "region": "Daloa",
    "numero_electeur": "E000019",
    "empreinte_hash": null,
    "date_inscription": "2026-03-03T17:58:53.458Z",
    "is_alive": true
  }
},
{
  "model": "serveurcei.electeur",
  "pk": 29,
  "fields": {
    "nom": "KOFFI",
    "prenom": "Aya",
    "numero_cni": "CI0020123456",
    "date_naissance": "1989-12-31",
    "telephon": "0720123456",
    "sexe": "F",
    "region": "San-PÚdro",
    "numero_electeur": "E000020",
    "empreinte_hash": null,
    "date_inscription": "2026-03-03T17:58:53.458Z",
    "is_alive": true
  }
},
{
  "model": "serveurcei.electeur",
  "pk": 30,
  "fields": {
    "nom": "DOUMBIA",
    "prenom": "Seydou",
    "numero_cni": "CI0021234567",
    "date_naissance": "1984-02-07",
    "telephon": "0721234567",
    "sexe": "M",
    "region": "Abidjan",
    "numero_electeur": "E000021",
    "empreinte_hash": null,
    "date_inscription": "2026-03-03T17:58:53.458Z",
    "is_alive": true
  }
},
{
  "model": "serveurcei.electeur",
  "pk": 31,
  "fields": {
    "nom": "GOBA",
    "prenom": "Rosine",
    "numero_cni": "CI0022345678",
    "date_naissance": "1998-07-14",
    "telephon": "0722345678",
    "sexe": "F",
    "region": "Gagnoa",
    "numero_electeur": "E000022",
    "empreinte_hash": null,
    "date_inscription": "2026-03-03T17:58:53.458Z",
    "is_alive": true
  }
},
{
  "model": "serveurcei.electeur",
  "pk": 32,
  "fields": {
    "nom": "KONAT╔",
    "prenom": "Moussa",
    "numero_cni": "CI0023456789",
    "date_naissance": "1976-10-19",
    "telephon": "0723456789",
    "sexe": "M",
    "region": "Man",
    "numero_electeur": "E000023",
    "empreinte_hash": null,
    "date_inscription": "2026-03-03T17:58:53.458Z",
    "is_alive": true
  }
},
{
  "model": "serveurcei.electeur",
  "pk": 33,
  "fields": {
    "nom": "EHUI",
    "prenom": "Christelle",
    "numero_cni": "CI0024567890",
    "date_naissance": "1993-05-26",
    "telephon": "0724567890",
    "sexe": "F",
    "region": "Abengourou",
    "numero_electeur": "E000024",
    "empreinte_hash": null,
    "date_inscription": "2026-03-03T17:58:53.458Z",
    "is_alive": true
  }
},
{
  "model": "serveurcei.electeur",
  "pk": 34,
  "fields": {
    "nom": "CAMARA",
    "prenom": "Adama",
    "numero_cni": "CI0025678901",
    "date_naissance": "1987-08-03",
    "telephon": "0725678901",
    "sexe": "M",
    "region": "Abidjan",
    "numero_electeur": "E000025",
    "empreinte_hash": null,
    "date_inscription": "2026-03-03T17:58:53.458Z",
    "is_alive": true
  }
},
{
  "model": "serveurcei.electeur",
  "pk": 35,
  "fields": {
    "nom": "ajbdasej",
    "prenom": "jea lxnlez",
    "numero_cni": "CI3344478",
    "date_naissance": "2026-03-14",
    "telephon": "234567887654",
    "sexe": "M",
    "region": "Autre",
    "numero_electeur": "CEI-77CB4ACA",
    "empreinte_hash": "d3f20c2b77ed17ca9ede58f59e549de13cb3bfce42eb58caad859ec52ecedbfe",
    "date_inscription": "2026-03-13T23:00:54.939Z",
    "is_alive": true
  }
},
{
  "model": "serveurcei.electeur",
  "pk": 36,
  "fields": {
    "nom": "SERY",
    "prenom": "GOZE",
    "numero_cni": "CI0129",
    "date_naissance": "2026-03-29",
    "telephon": "04954323",
    "sexe": "M",
    "region": "Divo",
    "numero_electeur": "CEI-25-374037",
    "empreinte_hash": "ebaed1b15d3be9b583aa462eddd6dc4c65d5acb7e55dab42e1f64dd878edec1e",
    "date_inscription": "2026-03-29T01:31:13.572Z",
    "is_alive": true
  }
},
{
  "model": "serveurcei.electeur",
  "pk": 37,
  "fields": {
    "nom": "SER",
    "prenom": "GO",
    "numero_cni": "CI1234",
    "date_naissance": "2026-03-08",
    "telephon": "09876",
    "sexe": "M",
    "region": "Abengourou",
    "numero_electeur": "CEI-25-928529",
    "empreinte_hash": "af507d2ce6c2f518fd476e9b583f715b8c2b55bc59f4294f04a2dab64f98f620",
    "date_inscription": "2026-03-29T02:53:21.108Z",
    "is_alive": true
  }
},
{
  "model": "serveurcei.electeur",
  "pk": 38,
  "fields": {
    "nom": "SERY",
    "prenom": "DER",
    "numero_cni": "CI345",
    "date_naissance": "2026-03-29",
    "telephon": "084853",
    "sexe": "M",
    "region": "Abidjan",
    "numero_electeur": "CEI-25-694212",
    "empreinte_hash": "08de228f94dc2d228b351a6a711507632220cfb4e973ae178be08caa60cae2ae",
    "date_inscription": "2026-03-29T16:04:40.812Z",
    "is_alive": true
  }
},
{
  "model": "serveurcei.electeur",
  "pk": 39,
  "fields": {
    "nom": "DALY",
    "prenom": "DJEDJE",
    "numero_cni": "CI93228438",
    "date_naissance": "2026-03-22",
    "telephon": "09438923",
    "sexe": "M",
    "region": "San-PÚdro",
    "numero_electeur": "CEI-25-282737",
    "empreinte_hash": "a0fea217e26476260dc2a5b2545279576172157ddce5000f3be72001aa985bb1",
    "date_inscription": "2026-03-29T16:17:34.146Z",
    "is_alive": true
  }
},
{
  "model": "serveurcei.electeur",
  "pk": 40,
  "fields": {
    "nom": "YEO",
    "prenom": "djedje",
    "numero_cni": "CI 0394344",
    "date_naissance": "2026-03-21",
    "telephon": "4905820",
    "sexe": "M",
    "region": "Yamoussoukro",
    "numero_electeur": "CEI-25-431657",
    "empreinte_hash": "2f24cf01e2e529a1bc2fb62d9014520efe0ad61f296fac12fec7d344f34bb278",
    "date_inscription": "2026-03-29T16:40:46.551Z",
    "is_alive": true
  }
},
{
  "model": "serveurcei.electeur",
  "pk": 41,
  "fields": {
    "nom": "PIPO",
    "prenom": "POPO",
    "numero_cni": "CI234571",
    "date_naissance": "2026-03-28",
    "telephon": "0485432",
    "sexe": "F",
    "region": "San-PÚdro",
    "numero_electeur": "CEI-25-182336",
    "empreinte_hash": "ccf8be0398069c7c7b97ea2980e8888f49cb071d58f91a922c5a5164b545b59e",
    "date_inscription": "2026-03-29T17:17:31.335Z",
    "is_alive": true
  }
},
{
  "model": "serveurcei.electeur",
  "pk": 42,
  "fields": {
    "nom": "DENIS",
    "prenom": "GEREMIE",
    "numero_cni": "CI09876",
    "date_naissance": "2026-03-17",
    "telephon": "3445665",
    "sexe": "M",
    "region": "Gagnoa",
    "numero_electeur": "CEI-25-820119",
    "empreinte_hash": "385ab4116ab0542330f1a12097bdb6c9e909d3017357efcd5b8e34c97f2e3ebc",
    "date_inscription": "2026-03-29T18:27:09.636Z",
    "is_alive": true
  }
},
{
  "model": "serveurcei.electeur",
  "pk": 43,
  "fields": {
    "nom": "FREUD",
    "prenom": "GNAMIENS",
    "numero_cni": "CI7348924",
    "date_naissance": "2026-03-27",
    "telephon": "0457382",
    "sexe": "M",
    "region": "BouakÚ",
    "numero_electeur": "CEI-25-465458",
    "empreinte_hash": "43a0c008f03add41cace571959b504169d4b0bb59cb4d6e45caac72a2cfca4d5",
    "date_inscription": "2026-03-29T18:32:33.682Z",
    "is_alive": true
  }
},
{
  "model": "serveurcei.electeur",
  "pk": 44,
  "fields": {
    "nom": "FREUD",
    "prenom": "GNAMIENS",
    "numero_cni": "CI734890",
    "date_naissance": "2026-03-27",
    "telephon": "04573821",
    "sexe": "M",
    "region": "Abengourou",
    "numero_electeur": "CEI-25-152677",
    "empreinte_hash": "3dde2f06e233512994b50b24edfac7aa38d7c8adb6205453169ab290fd209083",
    "date_inscription": "2026-03-29T19:31:11.160Z",
    "is_alive": true
  }
},
{
  "model": "serveurcei.candidat",
  "pk": 1,
  "fields": {
    "nom": "hrdthf",
    "prenom": "azegfrhn",
    "parti_politique": "aedgfh",
    "date_naissance": "2026-03-01",
    "cautionnement_valide": false,
    "photo": "photos_candidats/001.jpg",
    "extrait_naissance": "documents_candidats/001.jpg",
    "casier_judiciaire": "documents_candidats/001_yUTo958.jpg"
  }
},
{
  "model": "serveurcei.candidat",
  "pk": 2,
  "fields": {
    "nom": "OUATTARA",
    "prenom": "ALASSANE",
    "parti_politique": "RHDP",
    "date_naissance": "1952-03-02",
    "cautionnement_valide": true,
    "photo": "photos_candidats/WhatsApp_Image_2026-03-01_at_12.11.38_2.jpeg",
    "extrait_naissance": "documents_candidats/001_XGFUyLb.jpg",
    "casier_judiciaire": "documents_candidats/001_slvO2Zo.jpg"
  }
},
{
  "model": "serveurcei.candidat",
  "pk": 3,
  "fields": {
    "nom": "Gbagbo",
    "prenom": "Laurent",
    "parti_politique": "PPA-CI",
    "date_naissance": "2026-03-01",
    "cautionnement_valide": true,
    "photo": "photos_candidats/WhatsApp_Image_2026-03-01_at_12.11.38_3.jpeg",
    "extrait_naissance": "documents_candidats/001_ab9UDTb.jpg",
    "casier_judiciaire": "documents_candidats/001_OEtB4sC.jpg"
  }
},
{
  "model": "serveurcei.candidat",
  "pk": 4,
  "fields": {
    "nom": "SORO",
    "prenom": "Guillaume",
    "parti_politique": "GPS",
    "date_naissance": "2026-03-08",
    "cautionnement_valide": true,
    "photo": "photos_candidats/WhatsApp_Image_2026-03-01_at_12.11.38.jpeg",
    "extrait_naissance": "documents_candidats/001_3HydHOq.jpg",
    "casier_judiciaire": "documents_candidats/001_NP7Kz3r.jpg"
  }
},
{
  "model": "serveurcei.candidat",
  "pk": 5,
  "fields": {
    "nom": "OUATTARA",
    "prenom": "BRAHIMA TENE",
    "parti_politique": "Independant",
    "date_naissance": "2026-03-08",
    "cautionnement_valide": true,
    "photo": "photos_candidats/WhatsApp_Image_2026-03-01_at_12.11.38_1.jpeg",
    "extrait_naissance": "documents_candidats/001_gAEEZHL.jpg",
    "casier_judiciaire": "documents_candidats/001_UUknlET.jpg"
  }
},
{
  "model": "serveurcei.candidat",
  "pk": 6,
  "fields": {
    "nom": "SIMONE",
    "prenom": "EHIVET GBAGBO",
    "parti_politique": "MGC",
    "date_naissance": "2026-03-05",
    "cautionnement_valide": true,
    "photo": "photos_candidats/WhatsApp_Image_2026-03-02_at_14.24.17.jpeg",
    "extrait_naissance": "documents_candidats/001_lQ8KfM1.jpg",
    "casier_judiciaire": "documents_candidats/001_hB1WNYN.jpg"
  }
},
{
  "model": "serveurcei.candidat",
  "pk": 7,
  "fields": {
    "nom": "KONE",
    "prenom": "MOUSSA",
    "parti_politique": "Independant",
    "date_naissance": "2026-03-28",
    "cautionnement_valide": true,
    "photo": "photos_candidats/WhatsApp_Image_2026-03-02_at_14.24.17_1.jpeg",
    "extrait_naissance": "documents_candidats/001_LhGABh9.jpg",
    "casier_judiciaire": "documents_candidats/001_WzkWBHP.jpg"
  }
},
{
  "model": "serveurcei.candidat",
  "pk": 8,
  "fields": {
    "nom": "LAGO",
    "prenom": "ADJOUA LAGO",
    "parti_politique": "RPC",
    "date_naissance": "2026-02-26",
    "cautionnement_valide": true,
    "photo": "photos_candidats/WhatsApp_Image_2026-03-02_at_14.24.18_1.jpeg",
    "extrait_naissance": "documents_candidats/001_DWyCc5e.jpg",
    "casier_judiciaire": "documents_candidats/001_yEnpBL9.jpg"
  }
},
{
  "model": "serveurcei.candidat",
  "pk": 9,
  "fields": {
    "nom": "BILLON",
    "prenom": "JEAN LOUI",
    "parti_politique": "Independant",
    "date_naissance": "2026-03-20",
    "cautionnement_valide": true,
    "photo": "photos_candidats/WhatsApp_Image_2026-03-02_at_14.24.18.jpeg",
    "extrait_naissance": "documents_candidats/001_C16AuzZ.jpg",
    "casier_judiciaire": "documents_candidats/001_5FipFkj.jpg"
  }
},
{
  "model": "serveurcei.participationvote",
  "pk": 1,
  "fields": {
    "electeur": 4,
    "date_vote": "2026-03-01T09:37:32.138Z",
    "jeton_utilise": "dad6f3b1-1a19-11f1-a01b-101f74e69f0f"
  }
},
{
  "model": "serveurcei.participationvote",
  "pk": 2,
  "fields": {
    "electeur": 3,
    "date_vote": "2026-03-01T09:41:13.595Z",
    "jeton_utilise": "dad6fcf0-1a19-11f1-a01b-101f74e69f0f"
  }
},
{
  "model": "serveurcei.participationvote",
  "pk": 3,
  "fields": {
    "electeur": 5,
    "date_vote": "2026-03-01T16:13:35.711Z",
    "jeton_utilise": "dad82c73-1a19-11f1-a01b-101f74e69f0f"
  }
},
{
  "model": "serveurcei.participationvote",
  "pk": 4,
  "fields": {
    "electeur": 6,
    "date_vote": "2026-03-01T16:19:44.866Z",
    "jeton_utilise": "dad82eb9-1a19-11f1-a01b-101f74e69f0f"
  }
},
{
  "model": "serveurcei.participationvote",
  "pk": 5,
  "fields": {
    "electeur": 7,
    "date_vote": "2026-03-01T16:25:47.963Z",
    "jeton_utilise": "dad82fca-1a19-11f1-a01b-101f74e69f0f"
  }
},
{
  "model": "serveurcei.participationvote",
  "pk": 6,
  "fields": {
    "electeur": 8,
    "date_vote": "2026-03-01T21:22:21.811Z",
    "jeton_utilise": "dad830a1-1a19-11f1-a01b-101f74e69f0f"
  }
},
{
  "model": "serveurcei.participationvote",
  "pk": 7,
  "fields": {
    "electeur": 1,
    "date_vote": "2026-03-02T17:35:21.169Z",
    "jeton_utilise": "dad8316f-1a19-11f1-a01b-101f74e69f0f"
  }
},
{
  "model": "serveurcei.participationvote",
  "pk": 8,
  "fields": {
    "electeur": 34,
    "date_vote": "2026-03-03T17:51:33.132Z",
    "jeton_utilise": "dad83241-1a19-11f1-a01b-101f74e69f0f"
  }
},
{
  "model": "serveurcei.participationvote",
  "pk": 9,
  "fields": {
    "electeur": 27,
    "date_vote": "2026-03-06T16:10:39.282Z",
    "jeton_utilise": "dad8332c-1a19-11f1-a01b-101f74e69f0f"
  }
},
{
  "model": "serveurcei.participationvote",
  "pk": 10,
  "fields": {
    "electeur": 26,
    "date_vote": "2026-03-11T21:24:42.018Z",
    "jeton_utilise": "0439e788-e2c5-4cba-a492-bfdcff6a82c5"
  }
},
{
  "model": "serveurcei.participationvote",
  "pk": 11,
  "fields": {
    "electeur": 21,
    "date_vote": "2026-03-11T21:26:09.627Z",
    "jeton_utilise": "59e3c38f-b771-4ba8-a26a-7a72cf199eb8"
  }
},
{
  "model": "serveurcei.bulletinvote",
  "pk": 1,
  "fields": {
    "candidat": 1,
    "date_vote": "2026-03-01T09:37:32.138Z",
    "jeton_hash": "2c81ad2aa89a65c832289f598413955fb50da4f53e2d08d84250adc0c842da56"
  }
},
{
  "model": "serveurcei.bulletinvote",
  "pk": 2,
  "fields": {
    "candidat": 1,
    "date_vote": "2026-03-01T09:41:13.595Z",
    "jeton_hash": "d669f5a9d7aa7a4b1836226e35c855de336ba8b0ead3fa1bd35d4f8fb557ed09"
  }
},
{
  "model": "serveurcei.bulletinvote",
  "pk": 3,
  "fields": {
    "candidat": 4,
    "date_vote": "2026-03-01T16:13:35.711Z",
    "jeton_hash": "6f6be4821cae9cb12178d0ab85c0482a4edfdbb388eab4503cb0017c3d3e9c7b"
  }
},
{
  "model": "serveurcei.bulletinvote",
  "pk": 4,
  "fields": {
    "candidat": 4,
    "date_vote": "2026-03-01T16:19:44.866Z",
    "jeton_hash": "934025b81ce53d2508c79005f0962bc4e90975c16bbca1ed1fa277019229432c"
  }
},
{
  "model": "serveurcei.bulletinvote",
  "pk": 5,
  "fields": {
    "candidat": 4,
    "date_vote": "2026-03-01T16:25:47.963Z",
    "jeton_hash": "e5868b1dbf35b89122e28f7c46e9fca88661329dba19ae61ac03f79f10faa2bf"
  }
},
{
  "model": "serveurcei.bulletinvote",
  "pk": 6,
  "fields": {
    "candidat": 2,
    "date_vote": "2026-03-01T21:22:21.811Z",
    "jeton_hash": "7fa32dd005604533d5ee8c66685aa1e8e9fdf41347f6b68a0424ef0efcb68a32"
  }
},
{
  "model": "serveurcei.bulletinvote",
  "pk": 7,
  "fields": {
    "candidat": 9,
    "date_vote": "2026-03-02T17:35:21.169Z",
    "jeton_hash": "b0174c519fbb042de7a314fe7b60c10e363033e81d5a05de220eb1d3588a80cc"
  }
},
{
  "model": "serveurcei.bulletinvote",
  "pk": 8,
  "fields": {
    "candidat": 3,
    "date_vote": "2026-03-03T17:51:33.132Z",
    "jeton_hash": "bd4cc4e34640c2cbaa8a2caa4b282511cd57c5e2b362b420fec28e2392e7f9dc"
  }
},
{
  "model": "serveurcei.bulletinvote",
  "pk": 9,
  "fields": {
    "candidat": 2,
    "date_vote": "2026-03-06T16:10:39.282Z",
    "jeton_hash": "95d9ffb57075029bf8be9aebf333632e233bd8b779a7a549dc46f99c0daebdd7"
  }
},
{
  "model": "serveurcei.bulletinvote",
  "pk": 10,
  "fields": {
    "candidat": 7,
    "date_vote": "2026-03-11T21:24:43.059Z",
    "jeton_hash": "5e250e7996ee3e5d77e1412e9535111002014f044b0e93bbdd8b8139da52c332"
  }
},
{
  "model": "serveurcei.bulletinvote",
  "pk": 11,
  "fields": {
    "candidat": 3,
    "date_vote": "2026-03-11T21:26:09.630Z",
    "jeton_hash": "2385e480da7457c53a00ae659352fc818240472a1c0b583b164a20b4f4d89bdb"
  }
},
{
  "model": "serveurcei.admincei",
  "pk": 1,
  "fields": {
    "nom": "Admin",
    "prenom": "CEI",
    "username": "admin",
    "password_hash": "240be518fabd2724ddb6f04eeb1da5967448d7e831c08c8fa822809f74c720a9",
    "email": "admin@cei.ci",
    "is_active": true,
    "created_at": "2026-04-12T12:33:47Z",
    "last_login": "2026-04-24T15:02:43.045Z"
  }
},
{
  "model": "serveurcei.resultat",
  "pk": 1,
  "fields": {
    "candidat": 4,
    "nombre_votes": 3,
    "pourcentage": "42.86",
    "rang": 1,
    "date_calcul": "2026-03-03T17:43:59.305Z"
  }
},
{
  "model": "serveurcei.resultat",
  "pk": 2,
  "fields": {
    "candidat": 1,
    "nombre_votes": 2,
    "pourcentage": "28.57",
    "rang": 2,
    "date_calcul": "2026-03-03T17:43:59.382Z"
  }
},
{
  "model": "serveurcei.resultat",
  "pk": 3,
  "fields": {
    "candidat": 2,
    "nombre_votes": 1,
    "pourcentage": "14.29",
    "rang": 3,
    "date_calcul": "2026-03-03T17:43:59.455Z"
  }
},
{
  "model": "serveurcei.resultat",
  "pk": 4,
  "fields": {
    "candidat": 9,
    "nombre_votes": 1,
    "pourcentage": "14.29",
    "rang": 4,
    "date_calcul": "2026-03-03T17:43:59.548Z"
  }
},
{
  "model": "serveurcei.resultat",
  "pk": 5,
  "fields": {
    "candidat": 3,
    "nombre_votes": 0,
    "pourcentage": "0.00",
    "rang": 5,
    "date_calcul": "2026-03-03T17:43:59.605Z"
  }
},
{
  "model": "serveurcei.resultat",
  "pk": 6,
  "fields": {
    "candidat": 5,
    "nombre_votes": 0,
    "pourcentage": "0.00",
    "rang": 6,
    "date_calcul": "2026-03-03T17:44:00.333Z"
  }
},
{
  "model": "serveurcei.resultat",
  "pk": 7,
  "fields": {
    "candidat": 6,
    "nombre_votes": 0,
    "pourcentage": "0.00",
    "rang": 7,
    "date_calcul": "2026-03-03T17:44:00.517Z"
  }
},
{
  "model": "serveurcei.resultat",
  "pk": 8,
  "fields": {
    "candidat": 7,
    "nombre_votes": 0,
    "pourcentage": "0.00",
    "rang": 8,
    "date_calcul": "2026-03-03T17:44:00.676Z"
  }
},
{
  "model": "serveurcei.resultat",
  "pk": 9,
  "fields": {
    "candidat": 8,
    "nombre_votes": 0,
    "pourcentage": "0.00",
    "rang": 9,
    "date_calcul": "2026-03-03T17:44:00.746Z"
  }
}
]
